operation_index,stage,butterfly_in_stage,half,block,local_index,address_a,address_b,twiddle_address,forward_twiddle,inverse_twiddle
0,0,0,1,0,0,0,1,0,1,1
1,0,1,1,1,0,2,3,0,1,1
2,0,2,1,2,0,4,5,0,1,1
3,0,3,1,3,0,6,7,0,1,1
4,0,4,1,4,0,8,9,0,1,1
5,0,5,1,5,0,10,11,0,1,1
6,0,6,1,6,0,12,13,0,1,1
7,0,7,1,7,0,14,15,0,1,1
8,0,8,1,8,0,16,17,0,1,1
9,0,9,1,9,0,18,19,0,1,1
10,0,10,1,10,0,20,21,0,1,1
11,0,11,1,11,0,22,23,0,1,1
12,0,12,1,12,0,24,25,0,1,1
13,0,13,1,13,0,26,27,0,1,1
14,0,14,1,14,0,28,29,0,1,1
15,0,15,1,15,0,30,31,0,1,1
16,0,16,1,16,0,32,33,0,1,1
17,0,17,1,17,0,34,35,0,1,1
18,0,18,1,18,0,36,37,0,1,1
19,0,19,1,19,0,38,39,0,1,1
20,0,20,1,20,0,40,41,0,1,1
21,0,21,1,21,0,42,43,0,1,1
22,0,22,1,22,0,44,45,0,1,1
23,0,23,1,23,0,46,47,0,1,1
24,0,24,1,24,0,48,49,0,1,1
25,0,25,1,25,0,50,51,0,1,1
26,0,26,1,26,0,52,53,0,1,1
27,0,27,1,27,0,54,55,0,1,1
28,0,28,1,28,0,56,57,0,1,1
29,0,29,1,29,0,58,59,0,1,1
30,0,30,1,30,0,60,61,0,1,1
31,0,31,1,31,0,62,63,0,1,1
32,0,32,1,32,0,64,65,0,1,1
33,0,33,1,33,0,66,67,0,1,1
34,0,34,1,34,0,68,69,0,1,1
35,0,35,1,35,0,70,71,0,1,1
36,0,36,1,36,0,72,73,0,1,1
37,0,37,1,37,0,74,75,0,1,1
38,0,38,1,38,0,76,77,0,1,1
39,0,39,1,39,0,78,79,0,1,1
40,0,40,1,40,0,80,81,0,1,1
41,0,41,1,41,0,82,83,0,1,1
42,0,42,1,42,0,84,85,0,1,1
43,0,43,1,43,0,86,87,0,1,1
44,0,44,1,44,0,88,89,0,1,1
45,0,45,1,45,0,90,91,0,1,1
46,0,46,1,46,0,92,93,0,1,1
47,0,47,1,47,0,94,95,0,1,1
48,0,48,1,48,0,96,97,0,1,1
49,0,49,1,49,0,98,99,0,1,1
50,0,50,1,50,0,100,101,0,1,1
51,0,51,1,51,0,102,103,0,1,1
52,0,52,1,52,0,104,105,0,1,1
53,0,53,1,53,0,106,107,0,1,1
54,0,54,1,54,0,108,109,0,1,1
55,0,55,1,55,0,110,111,0,1,1
56,0,56,1,56,0,112,113,0,1,1
57,0,57,1,57,0,114,115,0,1,1
58,0,58,1,58,0,116,117,0,1,1
59,0,59,1,59,0,118,119,0,1,1
60,0,60,1,60,0,120,121,0,1,1
61,0,61,1,61,0,122,123,0,1,1
62,0,62,1,62,0,124,125,0,1,1
63,0,63,1,63,0,126,127,0,1,1
64,0,64,1,64,0,128,129,0,1,1
65,0,65,1,65,0,130,131,0,1,1
66,0,66,1,66,0,132,133,0,1,1
67,0,67,1,67,0,134,135,0,1,1
68,0,68,1,68,0,136,137,0,1,1
69,0,69,1,69,0,138,139,0,1,1
70,0,70,1,70,0,140,141,0,1,1
71,0,71,1,71,0,142,143,0,1,1
72,0,72,1,72,0,144,145,0,1,1
73,0,73,1,73,0,146,147,0,1,1
74,0,74,1,74,0,148,149,0,1,1
75,0,75,1,75,0,150,151,0,1,1
76,0,76,1,76,0,152,153,0,1,1
77,0,77,1,77,0,154,155,0,1,1
78,0,78,1,78,0,156,157,0,1,1
79,0,79,1,79,0,158,159,0,1,1
80,0,80,1,80,0,160,161,0,1,1
81,0,81,1,81,0,162,163,0,1,1
82,0,82,1,82,0,164,165,0,1,1
83,0,83,1,83,0,166,167,0,1,1
84,0,84,1,84,0,168,169,0,1,1
85,0,85,1,85,0,170,171,0,1,1
86,0,86,1,86,0,172,173,0,1,1
87,0,87,1,87,0,174,175,0,1,1
88,0,88,1,88,0,176,177,0,1,1
89,0,89,1,89,0,178,179,0,1,1
90,0,90,1,90,0,180,181,0,1,1
91,0,91,1,91,0,182,183,0,1,1
92,0,92,1,92,0,184,185,0,1,1
93,0,93,1,93,0,186,187,0,1,1
94,0,94,1,94,0,188,189,0,1,1
95,0,95,1,95,0,190,191,0,1,1
96,0,96,1,96,0,192,193,0,1,1
97,0,97,1,97,0,194,195,0,1,1
98,0,98,1,98,0,196,197,0,1,1
99,0,99,1,99,0,198,199,0,1,1
100,0,100,1,100,0,200,201,0,1,1
101,0,101,1,101,0,202,203,0,1,1
102,0,102,1,102,0,204,205,0,1,1
103,0,103,1,103,0,206,207,0,1,1
104,0,104,1,104,0,208,209,0,1,1
105,0,105,1,105,0,210,211,0,1,1
106,0,106,1,106,0,212,213,0,1,1
107,0,107,1,107,0,214,215,0,1,1
108,0,108,1,108,0,216,217,0,1,1
109,0,109,1,109,0,218,219,0,1,1
110,0,110,1,110,0,220,221,0,1,1
111,0,111,1,111,0,222,223,0,1,1
112,0,112,1,112,0,224,225,0,1,1
113,0,113,1,113,0,226,227,0,1,1
114,0,114,1,114,0,228,229,0,1,1
115,0,115,1,115,0,230,231,0,1,1
116,0,116,1,116,0,232,233,0,1,1
117,0,117,1,117,0,234,235,0,1,1
118,0,118,1,118,0,236,237,0,1,1
119,0,119,1,119,0,238,239,0,1,1
120,0,120,1,120,0,240,241,0,1,1
121,0,121,1,121,0,242,243,0,1,1
122,0,122,1,122,0,244,245,0,1,1
123,0,123,1,123,0,246,247,0,1,1
124,0,124,1,124,0,248,249,0,1,1
125,0,125,1,125,0,250,251,0,1,1
126,0,126,1,126,0,252,253,0,1,1
127,0,127,1,127,0,254,255,0,1,1
128,1,0,2,0,0,0,2,1,1,1
129,1,1,2,0,1,1,3,2,8388480,1065304193
130,1,2,2,1,0,4,6,1,1,1
131,1,3,2,1,1,5,7,2,8388480,1065304193
132,1,4,2,2,0,8,10,1,1,1
133,1,5,2,2,1,9,11,2,8388480,1065304193
134,1,6,2,3,0,12,14,1,1,1
135,1,7,2,3,1,13,15,2,8388480,1065304193
136,1,8,2,4,0,16,18,1,1,1
137,1,9,2,4,1,17,19,2,8388480,1065304193
138,1,10,2,5,0,20,22,1,1,1
139,1,11,2,5,1,21,23,2,8388480,1065304193
140,1,12,2,6,0,24,26,1,1,1
141,1,13,2,6,1,25,27,2,8388480,1065304193
142,1,14,2,7,0,28,30,1,1,1
143,1,15,2,7,1,29,31,2,8388480,1065304193
144,1,16,2,8,0,32,34,1,1,1
145,1,17,2,8,1,33,35,2,8388480,1065304193
146,1,18,2,9,0,36,38,1,1,1
147,1,19,2,9,1,37,39,2,8388480,1065304193
148,1,20,2,10,0,40,42,1,1,1
149,1,21,2,10,1,41,43,2,8388480,1065304193
150,1,22,2,11,0,44,46,1,1,1
151,1,23,2,11,1,45,47,2,8388480,1065304193
152,1,24,2,12,0,48,50,1,1,1
153,1,25,2,12,1,49,51,2,8388480,1065304193
154,1,26,2,13,0,52,54,1,1,1
155,1,27,2,13,1,53,55,2,8388480,1065304193
156,1,28,2,14,0,56,58,1,1,1
157,1,29,2,14,1,57,59,2,8388480,1065304193
158,1,30,2,15,0,60,62,1,1,1
159,1,31,2,15,1,61,63,2,8388480,1065304193
160,1,32,2,16,0,64,66,1,1,1
161,1,33,2,16,1,65,67,2,8388480,1065304193
162,1,34,2,17,0,68,70,1,1,1
163,1,35,2,17,1,69,71,2,8388480,1065304193
164,1,36,2,18,0,72,74,1,1,1
165,1,37,2,18,1,73,75,2,8388480,1065304193
166,1,38,2,19,0,76,78,1,1,1
167,1,39,2,19,1,77,79,2,8388480,1065304193
168,1,40,2,20,0,80,82,1,1,1
169,1,41,2,20,1,81,83,2,8388480,1065304193
170,1,42,2,21,0,84,86,1,1,1
171,1,43,2,21,1,85,87,2,8388480,1065304193
172,1,44,2,22,0,88,90,1,1,1
173,1,45,2,22,1,89,91,2,8388480,1065304193
174,1,46,2,23,0,92,94,1,1,1
175,1,47,2,23,1,93,95,2,8388480,1065304193
176,1,48,2,24,0,96,98,1,1,1
177,1,49,2,24,1,97,99,2,8388480,1065304193
178,1,50,2,25,0,100,102,1,1,1
179,1,51,2,25,1,101,103,2,8388480,1065304193
180,1,52,2,26,0,104,106,1,1,1
181,1,53,2,26,1,105,107,2,8388480,1065304193
182,1,54,2,27,0,108,110,1,1,1
183,1,55,2,27,1,109,111,2,8388480,1065304193
184,1,56,2,28,0,112,114,1,1,1
185,1,57,2,28,1,113,115,2,8388480,1065304193
186,1,58,2,29,0,116,118,1,1,1
187,1,59,2,29,1,117,119,2,8388480,1065304193
188,1,60,2,30,0,120,122,1,1,1
189,1,61,2,30,1,121,123,2,8388480,1065304193
190,1,62,2,31,0,124,126,1,1,1
191,1,63,2,31,1,125,127,2,8388480,1065304193
192,1,64,2,32,0,128,130,1,1,1
193,1,65,2,32,1,129,131,2,8388480,1065304193
194,1,66,2,33,0,132,134,1,1,1
195,1,67,2,33,1,133,135,2,8388480,1065304193
196,1,68,2,34,0,136,138,1,1,1
197,1,69,2,34,1,137,139,2,8388480,1065304193
198,1,70,2,35,0,140,142,1,1,1
199,1,71,2,35,1,141,143,2,8388480,1065304193
200,1,72,2,36,0,144,146,1,1,1
201,1,73,2,36,1,145,147,2,8388480,1065304193
202,1,74,2,37,0,148,150,1,1,1
203,1,75,2,37,1,149,151,2,8388480,1065304193
204,1,76,2,38,0,152,154,1,1,1
205,1,77,2,38,1,153,155,2,8388480,1065304193
206,1,78,2,39,0,156,158,1,1,1
207,1,79,2,39,1,157,159,2,8388480,1065304193
208,1,80,2,40,0,160,162,1,1,1
209,1,81,2,40,1,161,163,2,8388480,1065304193
210,1,82,2,41,0,164,166,1,1,1
211,1,83,2,41,1,165,167,2,8388480,1065304193
212,1,84,2,42,0,168,170,1,1,1
213,1,85,2,42,1,169,171,2,8388480,1065304193
214,1,86,2,43,0,172,174,1,1,1
215,1,87,2,43,1,173,175,2,8388480,1065304193
216,1,88,2,44,0,176,178,1,1,1
217,1,89,2,44,1,177,179,2,8388480,1065304193
218,1,90,2,45,0,180,182,1,1,1
219,1,91,2,45,1,181,183,2,8388480,1065304193
220,1,92,2,46,0,184,186,1,1,1
221,1,93,2,46,1,185,187,2,8388480,1065304193
222,1,94,2,47,0,188,190,1,1,1
223,1,95,2,47,1,189,191,2,8388480,1065304193
224,1,96,2,48,0,192,194,1,1,1
225,1,97,2,48,1,193,195,2,8388480,1065304193
226,1,98,2,49,0,196,198,1,1,1
227,1,99,2,49,1,197,199,2,8388480,1065304193
228,1,100,2,50,0,200,202,1,1,1
229,1,101,2,50,1,201,203,2,8388480,1065304193
230,1,102,2,51,0,204,206,1,1,1
231,1,103,2,51,1,205,207,2,8388480,1065304193
232,1,104,2,52,0,208,210,1,1,1
233,1,105,2,52,1,209,211,2,8388480,1065304193
234,1,106,2,53,0,212,214,1,1,1
235,1,107,2,53,1,213,215,2,8388480,1065304193
236,1,108,2,54,0,216,218,1,1,1
237,1,109,2,54,1,217,219,2,8388480,1065304193
238,1,110,2,55,0,220,222,1,1,1
239,1,111,2,55,1,221,223,2,8388480,1065304193
240,1,112,2,56,0,224,226,1,1,1
241,1,113,2,56,1,225,227,2,8388480,1065304193
242,1,114,2,57,0,228,230,1,1,1
243,1,115,2,57,1,229,231,2,8388480,1065304193
244,1,116,2,58,0,232,234,1,1,1
245,1,117,2,58,1,233,235,2,8388480,1065304193
246,1,118,2,59,0,236,238,1,1,1
247,1,119,2,59,1,237,239,2,8388480,1065304193
248,1,120,2,60,0,240,242,1,1,1
249,1,121,2,60,1,241,243,2,8388480,1065304193
250,1,122,2,61,0,244,246,1,1,1
251,1,123,2,61,1,245,247,2,8388480,1065304193
252,1,124,2,62,0,248,250,1,1,1
253,1,125,2,62,1,249,251,2,8388480,1065304193
254,1,126,2,63,0,252,254,1,1,1
255,1,127,2,63,1,253,255,2,8388480,1065304193
256,2,0,4,0,0,0,4,3,1,1
257,2,1,4,0,1,1,5,4,808610892,660802458
258,2,2,4,0,2,2,6,5,8388480,1065304193
259,2,3,4,0,3,3,7,6,412890215,265081781
260,2,4,4,1,0,8,12,3,1,1
261,2,5,4,1,1,9,13,4,808610892,660802458
262,2,6,4,1,2,10,14,5,8388480,1065304193
263,2,7,4,1,3,11,15,6,412890215,265081781
264,2,8,4,2,0,16,20,3,1,1
265,2,9,4,2,1,17,21,4,808610892,660802458
266,2,10,4,2,2,18,22,5,8388480,1065304193
267,2,11,4,2,3,19,23,6,412890215,265081781
268,2,12,4,3,0,24,28,3,1,1
269,2,13,4,3,1,25,29,4,808610892,660802458
270,2,14,4,3,2,26,30,5,8388480,1065304193
271,2,15,4,3,3,27,31,6,412890215,265081781
272,2,16,4,4,0,32,36,3,1,1
273,2,17,4,4,1,33,37,4,808610892,660802458
274,2,18,4,4,2,34,38,5,8388480,1065304193
275,2,19,4,4,3,35,39,6,412890215,265081781
276,2,20,4,5,0,40,44,3,1,1
277,2,21,4,5,1,41,45,4,808610892,660802458
278,2,22,4,5,2,42,46,5,8388480,1065304193
279,2,23,4,5,3,43,47,6,412890215,265081781
280,2,24,4,6,0,48,52,3,1,1
281,2,25,4,6,1,49,53,4,808610892,660802458
282,2,26,4,6,2,50,54,5,8388480,1065304193
283,2,27,4,6,3,51,55,6,412890215,265081781
284,2,28,4,7,0,56,60,3,1,1
285,2,29,4,7,1,57,61,4,808610892,660802458
286,2,30,4,7,2,58,62,5,8388480,1065304193
287,2,31,4,7,3,59,63,6,412890215,265081781
288,2,32,4,8,0,64,68,3,1,1
289,2,33,4,8,1,65,69,4,808610892,660802458
290,2,34,4,8,2,66,70,5,8388480,1065304193
291,2,35,4,8,3,67,71,6,412890215,265081781
292,2,36,4,9,0,72,76,3,1,1
293,2,37,4,9,1,73,77,4,808610892,660802458
294,2,38,4,9,2,74,78,5,8388480,1065304193
295,2,39,4,9,3,75,79,6,412890215,265081781
296,2,40,4,10,0,80,84,3,1,1
297,2,41,4,10,1,81,85,4,808610892,660802458
298,2,42,4,10,2,82,86,5,8388480,1065304193
299,2,43,4,10,3,83,87,6,412890215,265081781
300,2,44,4,11,0,88,92,3,1,1
301,2,45,4,11,1,89,93,4,808610892,660802458
302,2,46,4,11,2,90,94,5,8388480,1065304193
303,2,47,4,11,3,91,95,6,412890215,265081781
304,2,48,4,12,0,96,100,3,1,1
305,2,49,4,12,1,97,101,4,808610892,660802458
306,2,50,4,12,2,98,102,5,8388480,1065304193
307,2,51,4,12,3,99,103,6,412890215,265081781
308,2,52,4,13,0,104,108,3,1,1
309,2,53,4,13,1,105,109,4,808610892,660802458
310,2,54,4,13,2,106,110,5,8388480,1065304193
311,2,55,4,13,3,107,111,6,412890215,265081781
312,2,56,4,14,0,112,116,3,1,1
313,2,57,4,14,1,113,117,4,808610892,660802458
314,2,58,4,14,2,114,118,5,8388480,1065304193
315,2,59,4,14,3,115,119,6,412890215,265081781
316,2,60,4,15,0,120,124,3,1,1
317,2,61,4,15,1,121,125,4,808610892,660802458
318,2,62,4,15,2,122,126,5,8388480,1065304193
319,2,63,4,15,3,123,127,6,412890215,265081781
320,2,64,4,16,0,128,132,3,1,1
321,2,65,4,16,1,129,133,4,808610892,660802458
322,2,66,4,16,2,130,134,5,8388480,1065304193
323,2,67,4,16,3,131,135,6,412890215,265081781
324,2,68,4,17,0,136,140,3,1,1
325,2,69,4,17,1,137,141,4,808610892,660802458
326,2,70,4,17,2,138,142,5,8388480,1065304193
327,2,71,4,17,3,139,143,6,412890215,265081781
328,2,72,4,18,0,144,148,3,1,1
329,2,73,4,18,1,145,149,4,808610892,660802458
330,2,74,4,18,2,146,150,5,8388480,1065304193
331,2,75,4,18,3,147,151,6,412890215,265081781
332,2,76,4,19,0,152,156,3,1,1
333,2,77,4,19,1,153,157,4,808610892,660802458
334,2,78,4,19,2,154,158,5,8388480,1065304193
335,2,79,4,19,3,155,159,6,412890215,265081781
336,2,80,4,20,0,160,164,3,1,1
337,2,81,4,20,1,161,165,4,808610892,660802458
338,2,82,4,20,2,162,166,5,8388480,1065304193
339,2,83,4,20,3,163,167,6,412890215,265081781
340,2,84,4,21,0,168,172,3,1,1
341,2,85,4,21,1,169,173,4,808610892,660802458
342,2,86,4,21,2,170,174,5,8388480,1065304193
343,2,87,4,21,3,171,175,6,412890215,265081781
344,2,88,4,22,0,176,180,3,1,1
345,2,89,4,22,1,177,181,4,808610892,660802458
346,2,90,4,22,2,178,182,5,8388480,1065304193
347,2,91,4,22,3,179,183,6,412890215,265081781
348,2,92,4,23,0,184,188,3,1,1
349,2,93,4,23,1,185,189,4,808610892,660802458
350,2,94,4,23,2,186,190,5,8388480,1065304193
351,2,95,4,23,3,187,191,6,412890215,265081781
352,2,96,4,24,0,192,196,3,1,1
353,2,97,4,24,1,193,197,4,808610892,660802458
354,2,98,4,24,2,194,198,5,8388480,1065304193
355,2,99,4,24,3,195,199,6,412890215,265081781
356,2,100,4,25,0,200,204,3,1,1
357,2,101,4,25,1,201,205,4,808610892,660802458
358,2,102,4,25,2,202,206,5,8388480,1065304193
359,2,103,4,25,3,203,207,6,412890215,265081781
360,2,104,4,26,0,208,212,3,1,1
361,2,105,4,26,1,209,213,4,808610892,660802458
362,2,106,4,26,2,210,214,5,8388480,1065304193
363,2,107,4,26,3,211,215,6,412890215,265081781
364,2,108,4,27,0,216,220,3,1,1
365,2,109,4,27,1,217,221,4,808610892,660802458
366,2,110,4,27,2,218,222,5,8388480,1065304193
367,2,111,4,27,3,219,223,6,412890215,265081781
368,2,112,4,28,0,224,228,3,1,1
369,2,113,4,28,1,225,229,4,808610892,660802458
370,2,114,4,28,2,226,230,5,8388480,1065304193
371,2,115,4,28,3,227,231,6,412890215,265081781
372,2,116,4,29,0,232,236,3,1,1
373,2,117,4,29,1,233,237,4,808610892,660802458
374,2,118,4,29,2,234,238,5,8388480,1065304193
375,2,119,4,29,3,235,239,6,412890215,265081781
376,2,120,4,30,0,240,244,3,1,1
377,2,121,4,30,1,241,245,4,808610892,660802458
378,2,122,4,30,2,242,246,5,8388480,1065304193
379,2,123,4,30,3,243,247,6,412890215,265081781
380,2,124,4,31,0,248,252,3,1,1
381,2,125,4,31,1,249,253,4,808610892,660802458
382,2,126,4,31,2,250,254,5,8388480,1065304193
383,2,127,4,31,3,251,255,6,412890215,265081781
384,3,0,8,0,0,0,8,7,1,1
385,3,1,8,0,1,1,9,8,1051583792,155190050
386,3,2,8,0,2,2,10,9,808610892,660802458
387,3,3,8,0,3,3,11,10,286011093,970683590
388,3,4,8,0,4,4,12,11,8388480,1065304193
389,3,5,8,0,5,5,13,12,103009083,787681580
390,3,6,8,0,6,6,14,13,412890215,265081781
391,3,7,8,0,7,7,15,14,918502623,22108881
392,3,8,8,1,0,16,24,7,1,1
393,3,9,8,1,1,17,25,8,1051583792,155190050
394,3,10,8,1,2,18,26,9,808610892,660802458
395,3,11,8,1,3,19,27,10,286011093,970683590
396,3,12,8,1,4,20,28,11,8388480,1065304193
397,3,13,8,1,5,21,29,12,103009083,787681580
398,3,14,8,1,6,22,30,13,412890215,265081781
399,3,15,8,1,7,23,31,14,918502623,22108881
400,3,16,8,2,0,32,40,7,1,1
401,3,17,8,2,1,33,41,8,1051583792,155190050
402,3,18,8,2,2,34,42,9,808610892,660802458
403,3,19,8,2,3,35,43,10,286011093,970683590
404,3,20,8,2,4,36,44,11,8388480,1065304193
405,3,21,8,2,5,37,45,12,103009083,787681580
406,3,22,8,2,6,38,46,13,412890215,265081781
407,3,23,8,2,7,39,47,14,918502623,22108881
408,3,24,8,3,0,48,56,7,1,1
409,3,25,8,3,1,49,57,8,1051583792,155190050
410,3,26,8,3,2,50,58,9,808610892,660802458
411,3,27,8,3,3,51,59,10,286011093,970683590
412,3,28,8,3,4,52,60,11,8388480,1065304193
413,3,29,8,3,5,53,61,12,103009083,787681580
414,3,30,8,3,6,54,62,13,412890215,265081781
415,3,31,8,3,7,55,63,14,918502623,22108881
416,3,32,8,4,0,64,72,7,1,1
417,3,33,8,4,1,65,73,8,1051583792,155190050
418,3,34,8,4,2,66,74,9,808610892,660802458
419,3,35,8,4,3,67,75,10,286011093,970683590
420,3,36,8,4,4,68,76,11,8388480,1065304193
421,3,37,8,4,5,69,77,12,103009083,787681580
422,3,38,8,4,6,70,78,13,412890215,265081781
423,3,39,8,4,7,71,79,14,918502623,22108881
424,3,40,8,5,0,80,88,7,1,1
425,3,41,8,5,1,81,89,8,1051583792,155190050
426,3,42,8,5,2,82,90,9,808610892,660802458
427,3,43,8,5,3,83,91,10,286011093,970683590
428,3,44,8,5,4,84,92,11,8388480,1065304193
429,3,45,8,5,5,85,93,12,103009083,787681580
430,3,46,8,5,6,86,94,13,412890215,265081781
431,3,47,8,5,7,87,95,14,918502623,22108881
432,3,48,8,6,0,96,104,7,1,1
433,3,49,8,6,1,97,105,8,1051583792,155190050
434,3,50,8,6,2,98,106,9,808610892,660802458
435,3,51,8,6,3,99,107,10,286011093,970683590
436,3,52,8,6,4,100,108,11,8388480,1065304193
437,3,53,8,6,5,101,109,12,103009083,787681580
438,3,54,8,6,6,102,110,13,412890215,265081781
439,3,55,8,6,7,103,111,14,918502623,22108881
440,3,56,8,7,0,112,120,7,1,1
441,3,57,8,7,1,113,121,8,1051583792,155190050
442,3,58,8,7,2,114,122,9,808610892,660802458
443,3,59,8,7,3,115,123,10,286011093,970683590
444,3,60,8,7,4,116,124,11,8388480,1065304193
445,3,61,8,7,5,117,125,12,103009083,787681580
446,3,62,8,7,6,118,126,13,412890215,265081781
447,3,63,8,7,7,119,127,14,918502623,22108881
448,3,64,8,8,0,128,136,7,1,1
449,3,65,8,8,1,129,137,8,1051583792,155190050
450,3,66,8,8,2,130,138,9,808610892,660802458
451,3,67,8,8,3,131,139,10,286011093,970683590
452,3,68,8,8,4,132,140,11,8388480,1065304193
453,3,69,8,8,5,133,141,12,103009083,787681580
454,3,70,8,8,6,134,142,13,412890215,265081781
455,3,71,8,8,7,135,143,14,918502623,22108881
456,3,72,8,9,0,144,152,7,1,1
457,3,73,8,9,1,145,153,8,1051583792,155190050
458,3,74,8,9,2,146,154,9,808610892,660802458
459,3,75,8,9,3,147,155,10,286011093,970683590
460,3,76,8,9,4,148,156,11,8388480,1065304193
461,3,77,8,9,5,149,157,12,103009083,787681580
462,3,78,8,9,6,150,158,13,412890215,265081781
463,3,79,8,9,7,151,159,14,918502623,22108881
464,3,80,8,10,0,160,168,7,1,1
465,3,81,8,10,1,161,169,8,1051583792,155190050
466,3,82,8,10,2,162,170,9,808610892,660802458
467,3,83,8,10,3,163,171,10,286011093,970683590
468,3,84,8,10,4,164,172,11,8388480,1065304193
469,3,85,8,10,5,165,173,12,103009083,787681580
470,3,86,8,10,6,166,174,13,412890215,265081781
471,3,87,8,10,7,167,175,14,918502623,22108881
472,3,88,8,11,0,176,184,7,1,1
473,3,89,8,11,1,177,185,8,1051583792,155190050
474,3,90,8,11,2,178,186,9,808610892,660802458
475,3,91,8,11,3,179,187,10,286011093,970683590
476,3,92,8,11,4,180,188,11,8388480,1065304193
477,3,93,8,11,5,181,189,12,103009083,787681580
478,3,94,8,11,6,182,190,13,412890215,265081781
479,3,95,8,11,7,183,191,14,918502623,22108881
480,3,96,8,12,0,192,200,7,1,1
481,3,97,8,12,1,193,201,8,1051583792,155190050
482,3,98,8,12,2,194,202,9,808610892,660802458
483,3,99,8,12,3,195,203,10,286011093,970683590
484,3,100,8,12,4,196,204,11,8388480,1065304193
485,3,101,8,12,5,197,205,12,103009083,787681580
486,3,102,8,12,6,198,206,13,412890215,265081781
487,3,103,8,12,7,199,207,14,918502623,22108881
488,3,104,8,13,0,208,216,7,1,1
489,3,105,8,13,1,209,217,8,1051583792,155190050
490,3,106,8,13,2,210,218,9,808610892,660802458
491,3,107,8,13,3,211,219,10,286011093,970683590
492,3,108,8,13,4,212,220,11,8388480,1065304193
493,3,109,8,13,5,213,221,12,103009083,787681580
494,3,110,8,13,6,214,222,13,412890215,265081781
495,3,111,8,13,7,215,223,14,918502623,22108881
496,3,112,8,14,0,224,232,7,1,1
497,3,113,8,14,1,225,233,8,1051583792,155190050
498,3,114,8,14,2,226,234,9,808610892,660802458
499,3,115,8,14,3,227,235,10,286011093,970683590
500,3,116,8,14,4,228,236,11,8388480,1065304193
501,3,117,8,14,5,229,237,12,103009083,787681580
502,3,118,8,14,6,230,238,13,412890215,265081781
503,3,119,8,14,7,231,239,14,918502623,22108881
504,3,120,8,15,0,240,248,7,1,1
505,3,121,8,15,1,241,249,8,1051583792,155190050
506,3,122,8,15,2,242,250,9,808610892,660802458
507,3,123,8,15,3,243,251,10,286011093,970683590
508,3,124,8,15,4,244,252,11,8388480,1065304193
509,3,125,8,15,5,245,253,12,103009083,787681580
510,3,126,8,15,6,246,254,13,412890215,265081781
511,3,127,8,15,7,247,255,14,918502623,22108881
512,4,0,16,0,0,0,16,15,1,1
513,4,1,16,0,1,1,17,16,763394433,751566494
514,4,2,16,0,2,2,18,17,1051583792,155190050
515,4,3,16,0,3,3,19,18,412848016,858364306
516,4,4,16,0,4,4,20,19,808610892,660802458
517,4,5,16,0,5,5,21,20,852239105,475496322
518,4,6,16,0,6,6,22,21,286011093,970683590
519,4,7,16,0,7,7,23,22,455809104,1054360106
520,4,8,16,0,8,8,24,23,8388480,1065304193
521,4,9,16,0,9,9,25,24,19332567,617883569
522,4,10,16,0,10,10,26,25,103009083,787681580
523,4,11,16,0,11,11,27,26,598196351,221453568
524,4,12,16,0,12,12,28,27,412890215,265081781
525,4,13,16,0,13,13,29,28,215328367,660844657
526,4,14,16,0,14,14,30,29,918502623,22108881
527,4,15,16,0,15,15,31,30,322126179,310298240
528,4,16,16,1,0,32,48,15,1,1
529,4,17,16,1,1,33,49,16,763394433,751566494
530,4,18,16,1,2,34,50,17,1051583792,155190050
531,4,19,16,1,3,35,51,18,412848016,858364306
532,4,20,16,1,4,36,52,19,808610892,660802458
533,4,21,16,1,5,37,53,20,852239105,475496322
534,4,22,16,1,6,38,54,21,286011093,970683590
535,4,23,16,1,7,39,55,22,455809104,1054360106
536,4,24,16,1,8,40,56,23,8388480,1065304193
537,4,25,16,1,9,41,57,24,19332567,617883569
538,4,26,16,1,10,42,58,25,103009083,787681580
539,4,27,16,1,11,43,59,26,598196351,221453568
540,4,28,16,1,12,44,60,27,412890215,265081781
541,4,29,16,1,13,45,61,28,215328367,660844657
542,4,30,16,1,14,46,62,29,918502623,22108881
543,4,31,16,1,15,47,63,30,322126179,310298240
544,4,32,16,2,0,64,80,15,1,1
545,4,33,16,2,1,65,81,16,763394433,751566494
546,4,34,16,2,2,66,82,17,1051583792,155190050
547,4,35,16,2,3,67,83,18,412848016,858364306
548,4,36,16,2,4,68,84,19,808610892,660802458
549,4,37,16,2,5,69,85,20,852239105,475496322
550,4,38,16,2,6,70,86,21,286011093,970683590
551,4,39,16,2,7,71,87,22,455809104,1054360106
552,4,40,16,2,8,72,88,23,8388480,1065304193
553,4,41,16,2,9,73,89,24,19332567,617883569
554,4,42,16,2,10,74,90,25,103009083,787681580
555,4,43,16,2,11,75,91,26,598196351,221453568
556,4,44,16,2,12,76,92,27,412890215,265081781
557,4,45,16,2,13,77,93,28,215328367,660844657
558,4,46,16,2,14,78,94,29,918502623,22108881
559,4,47,16,2,15,79,95,30,322126179,310298240
560,4,48,16,3,0,96,112,15,1,1
561,4,49,16,3,1,97,113,16,763394433,751566494
562,4,50,16,3,2,98,114,17,1051583792,155190050
563,4,51,16,3,3,99,115,18,412848016,858364306
564,4,52,16,3,4,100,116,19,808610892,660802458
565,4,53,16,3,5,101,117,20,852239105,475496322
566,4,54,16,3,6,102,118,21,286011093,970683590
567,4,55,16,3,7,103,119,22,455809104,1054360106
568,4,56,16,3,8,104,120,23,8388480,1065304193
569,4,57,16,3,9,105,121,24,19332567,617883569
570,4,58,16,3,10,106,122,25,103009083,787681580
571,4,59,16,3,11,107,123,26,598196351,221453568
572,4,60,16,3,12,108,124,27,412890215,265081781
573,4,61,16,3,13,109,125,28,215328367,660844657
574,4,62,16,3,14,110,126,29,918502623,22108881
575,4,63,16,3,15,111,127,30,322126179,310298240
576,4,64,16,4,0,128,144,15,1,1
577,4,65,16,4,1,129,145,16,763394433,751566494
578,4,66,16,4,2,130,146,17,1051583792,155190050
579,4,67,16,4,3,131,147,18,412848016,858364306
580,4,68,16,4,4,132,148,19,808610892,660802458
581,4,69,16,4,5,133,149,20,852239105,475496322
582,4,70,16,4,6,134,150,21,286011093,970683590
583,4,71,16,4,7,135,151,22,455809104,1054360106
584,4,72,16,4,8,136,152,23,8388480,1065304193
585,4,73,16,4,9,137,153,24,19332567,617883569
586,4,74,16,4,10,138,154,25,103009083,787681580
587,4,75,16,4,11,139,155,26,598196351,221453568
588,4,76,16,4,12,140,156,27,412890215,265081781
589,4,77,16,4,13,141,157,28,215328367,660844657
590,4,78,16,4,14,142,158,29,918502623,22108881
591,4,79,16,4,15,143,159,30,322126179,310298240
592,4,80,16,5,0,160,176,15,1,1
593,4,81,16,5,1,161,177,16,763394433,751566494
594,4,82,16,5,2,162,178,17,1051583792,155190050
595,4,83,16,5,3,163,179,18,412848016,858364306
596,4,84,16,5,4,164,180,19,808610892,660802458
597,4,85,16,5,5,165,181,20,852239105,475496322
598,4,86,16,5,6,166,182,21,286011093,970683590
599,4,87,16,5,7,167,183,22,455809104,1054360106
600,4,88,16,5,8,168,184,23,8388480,1065304193
601,4,89,16,5,9,169,185,24,19332567,617883569
602,4,90,16,5,10,170,186,25,103009083,787681580
603,4,91,16,5,11,171,187,26,598196351,221453568
604,4,92,16,5,12,172,188,27,412890215,265081781
605,4,93,16,5,13,173,189,28,215328367,660844657
606,4,94,16,5,14,174,190,29,918502623,22108881
607,4,95,16,5,15,175,191,30,322126179,310298240
608,4,96,16,6,0,192,208,15,1,1
609,4,97,16,6,1,193,209,16,763394433,751566494
610,4,98,16,6,2,194,210,17,1051583792,155190050
611,4,99,16,6,3,195,211,18,412848016,858364306
612,4,100,16,6,4,196,212,19,808610892,660802458
613,4,101,16,6,5,197,213,20,852239105,475496322
614,4,102,16,6,6,198,214,21,286011093,970683590
615,4,103,16,6,7,199,215,22,455809104,1054360106
616,4,104,16,6,8,200,216,23,8388480,1065304193
617,4,105,16,6,9,201,217,24,19332567,617883569
618,4,106,16,6,10,202,218,25,103009083,787681580
619,4,107,16,6,11,203,219,26,598196351,221453568
620,4,108,16,6,12,204,220,27,412890215,265081781
621,4,109,16,6,13,205,221,28,215328367,660844657
622,4,110,16,6,14,206,222,29,918502623,22108881
623,4,111,16,6,15,207,223,30,322126179,310298240
624,4,112,16,7,0,224,240,15,1,1
625,4,113,16,7,1,225,241,16,763394433,751566494
626,4,114,16,7,2,226,242,17,1051583792,155190050
627,4,115,16,7,3,227,243,18,412848016,858364306
628,4,116,16,7,4,228,244,19,808610892,660802458
629,4,117,16,7,5,229,245,20,852239105,475496322
630,4,118,16,7,6,230,246,21,286011093,970683590
631,4,119,16,7,7,231,247,22,455809104,1054360106
632,4,120,16,7,8,232,248,23,8388480,1065304193
633,4,121,16,7,9,233,249,24,19332567,617883569
634,4,122,16,7,10,234,250,25,103009083,787681580
635,4,123,16,7,11,235,251,26,598196351,221453568
636,4,124,16,7,12,236,252,27,412890215,265081781
637,4,125,16,7,13,237,253,28,215328367,660844657
638,4,126,16,7,14,238,254,29,918502623,22108881
639,4,127,16,7,15,239,255,30,322126179,310298240
640,5,0,32,0,0,0,32,31,1,1
641,5,1,32,0,1,1,33,32,1050049979,927050550
642,5,2,32,0,2,2,34,33,763394433,751566494
643,5,3,32,0,3,3,35,34,914998407,854672759
644,5,4,32,0,4,4,36,35,1051583792,155190050
645,5,5,32,0,5,5,37,36,188320113,965461700
646,5,6,32,0,6,6,38,37,412848016,858364306
647,5,7,32,0,7,7,39,38,926029307,385214255
648,5,8,32,0,8,8,40,39,808610892,660802458
649,5,9,32,0,9,9,41,40,226360406,271753865
650,5,10,32,0,10,10,42,41,852239105,475496322
651,5,11,32,0,11,11,43,42,771736973,233515968
652,5,12,32,0,12,12,44,43,286011093,970683590
653,5,13,32,0,13,13,45,44,754442538,847534052
654,5,14,32,0,14,14,46,45,455809104,1054360106
655,5,15,32,0,15,15,47,46,484581581,197364598
656,5,16,32,0,16,16,48,47,8388480,1065304193
657,5,17,32,0,17,17,49,48,876328075,589111092
658,5,18,32,0,18,18,50,49,19332567,617883569
659,5,19,32,0,19,19,51,50,226158621,319250135
660,5,20,32,0,20,20,52,51,103009083,787681580
661,5,21,32,0,21,21,53,52,840176705,301955700
662,5,22,32,0,22,22,54,53,598196351,221453568
663,5,23,32,0,23,23,55,54,801938808,847332267
664,5,24,32,0,24,24,56,55,412890215,265081781
665,5,25,32,0,25,25,57,56,688478418,147663366
666,5,26,32,0,26,26,58,57,215328367,660844657
667,5,27,32,0,27,27,59,58,108230973,885372560
668,5,28,32,0,28,28,60,59,918502623,22108881
669,5,29,32,0,29,29,61,60,219019914,158694266
670,5,30,32,0,30,30,62,61,322126179,310298240
671,5,31,32,0,31,31,63,62,146642123,23642694
672,5,32,32,1,0,64,96,31,1,1
673,5,33,32,1,1,65,97,32,1050049979,927050550
674,5,34,32,1,2,66,98,33,763394433,751566494
675,5,35,32,1,3,67,99,34,914998407,854672759
676,5,36,32,1,4,68,100,35,1051583792,155190050
677,5,37,32,1,5,69,101,36,188320113,965461700
678,5,38,32,1,6,70,102,37,412848016,858364306
679,5,39,32,1,7,71,103,38,926029307,385214255
680,5,40,32,1,8,72,104,39,808610892,660802458
681,5,41,32,1,9,73,105,40,226360406,271753865
682,5,42,32,1,10,74,106,41,852239105,475496322
683,5,43,32,1,11,75,107,42,771736973,233515968
684,5,44,32,1,12,76,108,43,286011093,970683590
685,5,45,32,1,13,77,109,44,754442538,847534052
686,5,46,32,1,14,78,110,45,455809104,1054360106
687,5,47,32,1,15,79,111,46,484581581,197364598
688,5,48,32,1,16,80,112,47,8388480,1065304193
689,5,49,32,1,17,81,113,48,876328075,589111092
690,5,50,32,1,18,82,114,49,19332567,617883569
691,5,51,32,1,19,83,115,50,226158621,319250135
692,5,52,32,1,20,84,116,51,103009083,787681580
693,5,53,32,1,21,85,117,52,840176705,301955700
694,5,54,32,1,22,86,118,53,598196351,221453568
695,5,55,32,1,23,87,119,54,801938808,847332267
696,5,56,32,1,24,88,120,55,412890215,265081781
697,5,57,32,1,25,89,121,56,688478418,147663366
698,5,58,32,1,26,90,122,57,215328367,660844657
699,5,59,32,1,27,91,123,58,108230973,885372560
700,5,60,32,1,28,92,124,59,918502623,22108881
701,5,61,32,1,29,93,125,60,219019914,158694266
702,5,62,32,1,30,94,126,61,322126179,310298240
703,5,63,32,1,31,95,127,62,146642123,23642694
704,5,64,32,2,0,128,160,31,1,1
705,5,65,32,2,1,129,161,32,1050049979,927050550
706,5,66,32,2,2,130,162,33,763394433,751566494
707,5,67,32,2,3,131,163,34,914998407,854672759
708,5,68,32,2,4,132,164,35,1051583792,155190050
709,5,69,32,2,5,133,165,36,188320113,965461700
710,5,70,32,2,6,134,166,37,412848016,858364306
711,5,71,32,2,7,135,167,38,926029307,385214255
712,5,72,32,2,8,136,168,39,808610892,660802458
713,5,73,32,2,9,137,169,40,226360406,271753865
714,5,74,32,2,10,138,170,41,852239105,475496322
715,5,75,32,2,11,139,171,42,771736973,233515968
716,5,76,32,2,12,140,172,43,286011093,970683590
717,5,77,32,2,13,141,173,44,754442538,847534052
718,5,78,32,2,14,142,174,45,455809104,1054360106
719,5,79,32,2,15,143,175,46,484581581,197364598
720,5,80,32,2,16,144,176,47,8388480,1065304193
721,5,81,32,2,17,145,177,48,876328075,589111092
722,5,82,32,2,18,146,178,49,19332567,617883569
723,5,83,32,2,19,147,179,50,226158621,319250135
724,5,84,32,2,20,148,180,51,103009083,787681580
725,5,85,32,2,21,149,181,52,840176705,301955700
726,5,86,32,2,22,150,182,53,598196351,221453568
727,5,87,32,2,23,151,183,54,801938808,847332267
728,5,88,32,2,24,152,184,55,412890215,265081781
729,5,89,32,2,25,153,185,56,688478418,147663366
730,5,90,32,2,26,154,186,57,215328367,660844657
731,5,91,32,2,27,155,187,58,108230973,885372560
732,5,92,32,2,28,156,188,59,918502623,22108881
733,5,93,32,2,29,157,189,60,219019914,158694266
734,5,94,32,2,30,158,190,61,322126179,310298240
735,5,95,32,2,31,159,191,62,146642123,23642694
736,5,96,32,3,0,192,224,31,1,1
737,5,97,32,3,1,193,225,32,1050049979,927050550
738,5,98,32,3,2,194,226,33,763394433,751566494
739,5,99,32,3,3,195,227,34,914998407,854672759
740,5,100,32,3,4,196,228,35,1051583792,155190050
741,5,101,32,3,5,197,229,36,188320113,965461700
742,5,102,32,3,6,198,230,37,412848016,858364306
743,5,103,32,3,7,199,231,38,926029307,385214255
744,5,104,32,3,8,200,232,39,808610892,660802458
745,5,105,32,3,9,201,233,40,226360406,271753865
746,5,106,32,3,10,202,234,41,852239105,475496322
747,5,107,32,3,11,203,235,42,771736973,233515968
748,5,108,32,3,12,204,236,43,286011093,970683590
749,5,109,32,3,13,205,237,44,754442538,847534052
750,5,110,32,3,14,206,238,45,455809104,1054360106
751,5,111,32,3,15,207,239,46,484581581,197364598
752,5,112,32,3,16,208,240,47,8388480,1065304193
753,5,113,32,3,17,209,241,48,876328075,589111092
754,5,114,32,3,18,210,242,49,19332567,617883569
755,5,115,32,3,19,211,243,50,226158621,319250135
756,5,116,32,3,20,212,244,51,103009083,787681580
757,5,117,32,3,21,213,245,52,840176705,301955700
758,5,118,32,3,22,214,246,53,598196351,221453568
759,5,119,32,3,23,215,247,54,801938808,847332267
760,5,120,32,3,24,216,248,55,412890215,265081781
761,5,121,32,3,25,217,249,56,688478418,147663366
762,5,122,32,3,26,218,250,57,215328367,660844657
763,5,123,32,3,27,219,251,58,108230973,885372560
764,5,124,32,3,28,220,252,59,918502623,22108881
765,5,125,32,3,29,221,253,60,219019914,158694266
766,5,126,32,3,30,222,254,61,322126179,310298240
767,5,127,32,3,31,223,255,62,146642123,23642694
768,6,0,64,0,0,0,64,63,1,1
769,6,1,64,0,1,1,65,64,200173387,1045423387
770,6,2,64,0,2,2,66,65,1050049979,927050550
771,6,3,64,0,3,3,67,66,533654917,831070866
772,6,4,64,0,4,4,68,67,763394433,751566494
773,6,5,64,0,5,5,69,68,2069058,699196157
774,6,6,64,0,6,6,70,69,914998407,854672759
775,6,7,64,0,7,7,71,70,406712301,820600391
776,6,8,64,0,8,8,72,71,1051583792,155190050
777,6,9,64,0,9,9,73,72,214889160,648844392
778,6,10,64,0,10,10,74,73,188320113,965461700
779,6,11,64,0,11,11,75,74,463094048,509731710
780,6,12,64,0,12,12,76,75,412848016,858364306
781,6,13,64,0,13,13,77,76,119229067,982027184
782,6,14,64,0,14,14,78,77,926029307,385214255
783,6,15,64,0,15,15,79,78,17946508,577964084
784,6,16,64,0,16,16,80,79,808610892,660802458
785,6,17,64,0,17,17,81,80,220888934,673638836
786,6,18,64,0,18,18,82,81,226360406,271753865
787,6,19,64,0,19,19,83,82,549836287,523107378
788,6,20,64,0,20,20,84,83,852239105,475496322
789,6,21,64,0,21,21,85,84,553745600,363005169
790,6,22,64,0,22,22,86,85,771736973,233515968
791,6,23,64,0,23,23,87,86,549106237,218120729
792,6,24,64,0,24,24,88,87,286011093,970683590
793,6,25,64,0,25,25,89,88,219089152,192393921
794,6,26,64,0,26,26,90,89,754442538,847534052
795,6,27,64,0,27,27,91,90,730605332,1064099878
796,6,28,64,0,28,28,92,91,455809104,1054360106
797,6,29,64,0,29,29,93,92,307487733,779231451
798,6,30,64,0,30,30,94,93,484581581,197364598
799,6,31,64,0,31,31,95,94,497226173,739000959
800,6,32,64,0,32,32,96,95,8388480,1065304193
801,6,33,64,0,33,33,97,96,334691714,576466500
802,6,34,64,0,34,34,98,97,876328075,589111092
803,6,35,64,0,35,35,99,98,294461222,766204940
804,6,36,64,0,36,36,100,99,19332567,617883569
805,6,37,64,0,37,37,101,100,9592795,343087341
806,6,38,64,0,38,38,102,101,226158621,319250135
807,6,39,64,0,39,39,103,102,881298752,854603521
808,6,40,64,0,40,40,104,103,103009083,787681580
809,6,41,64,0,41,41,105,104,855571944,524586436
810,6,42,64,0,42,42,106,105,840176705,301955700
811,6,43,64,0,43,43,107,106,710687504,519947073
812,6,44,64,0,44,44,108,107,598196351,221453568
813,6,45,64,0,45,45,109,108,550585295,523856386
814,6,46,64,0,46,46,110,109,801938808,847332267
815,6,47,64,0,47,47,111,110,400053837,852803739
816,6,48,64,0,48,48,112,111,412890215,265081781
817,6,49,64,0,49,49,113,112,495728589,1055746165
818,6,50,64,0,50,50,114,113,688478418,147663366
819,6,51,64,0,51,51,115,114,91665489,954463606
820,6,52,64,0,52,52,116,115,215328367,660844657
821,6,53,64,0,53,53,117,116,563960963,610598625
822,6,54,64,0,54,54,118,117,108230973,885372560
823,6,55,64,0,55,55,119,118,424848281,858803513
824,6,56,64,0,56,56,120,119,918502623,22108881
825,6,57,64,0,57,57,121,120,253092282,666980372
826,6,58,64,0,58,58,122,121,219019914,158694266
827,6,59,64,0,59,59,123,122,374496516,1071623615
828,6,60,64,0,60,60,124,123,322126179,310298240
829,6,61,64,0,61,61,125,124,242621807,540037756
830,6,62,64,0,62,62,126,125,146642123,23642694
831,6,63,64,0,63,63,127,126,28269286,873519286
832,6,64,64,1,0,128,192,63,1,1
833,6,65,64,1,1,129,193,64,200173387,1045423387
834,6,66,64,1,2,130,194,65,1050049979,927050550
835,6,67,64,1,3,131,195,66,533654917,831070866
836,6,68,64,1,4,132,196,67,763394433,751566494
837,6,69,64,1,5,133,197,68,2069058,699196157
838,6,70,64,1,6,134,198,69,914998407,854672759
839,6,71,64,1,7,135,199,70,406712301,820600391
840,6,72,64,1,8,136,200,71,1051583792,155190050
841,6,73,64,1,9,137,201,72,214889160,648844392
842,6,74,64,1,10,138,202,73,188320113,965461700
843,6,75,64,1,11,139,203,74,463094048,509731710
844,6,76,64,1,12,140,204,75,412848016,858364306
845,6,77,64,1,13,141,205,76,119229067,982027184
846,6,78,64,1,14,142,206,77,926029307,385214255
847,6,79,64,1,15,143,207,78,17946508,577964084
848,6,80,64,1,16,144,208,79,808610892,660802458
849,6,81,64,1,17,145,209,80,220888934,673638836
850,6,82,64,1,18,146,210,81,226360406,271753865
851,6,83,64,1,19,147,211,82,549836287,523107378
852,6,84,64,1,20,148,212,83,852239105,475496322
853,6,85,64,1,21,149,213,84,553745600,363005169
854,6,86,64,1,22,150,214,85,771736973,233515968
855,6,87,64,1,23,151,215,86,549106237,218120729
856,6,88,64,1,24,152,216,87,286011093,970683590
857,6,89,64,1,25,153,217,88,219089152,192393921
858,6,90,64,1,26,154,218,89,754442538,847534052
859,6,91,64,1,27,155,219,90,730605332,1064099878
860,6,92,64,1,28,156,220,91,455809104,1054360106
861,6,93,64,1,29,157,221,92,307487733,779231451
862,6,94,64,1,30,158,222,93,484581581,197364598
863,6,95,64,1,31,159,223,94,497226173,739000959
864,6,96,64,1,32,160,224,95,8388480,1065304193
865,6,97,64,1,33,161,225,96,334691714,576466500
866,6,98,64,1,34,162,226,97,876328075,589111092
867,6,99,64,1,35,163,227,98,294461222,766204940
868,6,100,64,1,36,164,228,99,19332567,617883569
869,6,101,64,1,37,165,229,100,9592795,343087341
870,6,102,64,1,38,166,230,101,226158621,319250135
871,6,103,64,1,39,167,231,102,881298752,854603521
872,6,104,64,1,40,168,232,103,103009083,787681580
873,6,105,64,1,41,169,233,104,855571944,524586436
874,6,106,64,1,42,170,234,105,840176705,301955700
875,6,107,64,1,43,171,235,106,710687504,519947073
876,6,108,64,1,44,172,236,107,598196351,221453568
877,6,109,64,1,45,173,237,108,550585295,523856386
878,6,110,64,1,46,174,238,109,801938808,847332267
879,6,111,64,1,47,175,239,110,400053837,852803739
880,6,112,64,1,48,176,240,111,412890215,265081781
881,6,113,64,1,49,177,241,112,495728589,1055746165
882,6,114,64,1,50,178,242,113,688478418,147663366
883,6,115,64,1,51,179,243,114,91665489,954463606
884,6,116,64,1,52,180,244,115,215328367,660844657
885,6,117,64,1,53,181,245,116,563960963,610598625
886,6,118,64,1,54,182,246,117,108230973,885372560
887,6,119,64,1,55,183,247,118,424848281,858803513
888,6,120,64,1,56,184,248,119,918502623,22108881
889,6,121,64,1,57,185,249,120,253092282,666980372
890,6,122,64,1,58,186,250,121,219019914,158694266
891,6,123,64,1,59,187,251,122,374496516,1071623615
892,6,124,64,1,60,188,252,123,322126179,310298240
893,6,125,64,1,61,189,253,124,242621807,540037756
894,6,126,64,1,62,190,254,125,146642123,23642694
895,6,127,64,1,63,191,255,126,28269286,873519286
896,7,0,128,0,0,0,128,127,1,1
897,7,1,128,0,1,1,129,128,628150263,247950833
898,7,2,128,0,2,2,130,129,200173387,1045423387
899,7,3,128,0,3,3,131,130,1037639100,233594027
900,7,4,128,0,4,4,132,131,1050049979,927050550
901,7,5,128,0,5,5,133,132,134447912,1058060543
902,7,6,128,0,6,6,134,133,533654917,831070866
903,7,7,128,0,7,7,135,134,54643635,870791186
904,7,8,128,0,8,8,136,135,763394433,751566494
905,7,9,128,0,9,9,137,136,337461165,241820355
906,7,10,128,0,10,10,138,137,2069058,699196157
907,7,11,128,0,11,11,139,138,114819906,808836478
908,7,12,128,0,12,12,140,139,914998407,854672759
909,7,13,128,0,13,13,141,140,12197787,597272532
910,7,14,128,0,14,14,142,141,406712301,820600391
911,7,15,128,0,15,15,143,142,714337345,987325359
912,7,16,128,0,16,16,144,143,1051583792,155190050
913,7,17,128,0,17,17,145,144,1011678930,593974013
914,7,18,128,0,18,18,146,145,214889160,648844392
915,7,19,128,0,19,19,147,146,83109978,776740762
916,7,20,128,0,20,20,148,147,188320113,965461700
917,7,21,128,0,21,21,149,148,583162549,652625331
918,7,22,128,0,22,22,150,149,463094048,509731710
919,7,23,128,0,23,23,151,150,782495781,477733950
920,7,24,128,0,24,24,152,151,412848016,858364306
921,7,25,128,0,25,25,153,152,865040784,820941356
922,7,26,128,0,26,26,154,153,119229067,982027184
923,7,27,128,0,27,27,155,154,538130098,930907254
924,7,28,128,0,28,28,156,155,926029307,385214255
925,7,29,128,0,29,29,157,156,1041123736,537771961
926,7,30,128,0,30,30,158,157,17946508,577964084
927,7,31,128,0,31,31,159,158,637859556,220414576
928,7,32,128,0,32,32,160,159,808610892,660802458
929,7,33,128,0,33,33,161,160,458178887,149093510
930,7,34,128,0,34,34,162,161,220888934,673638836
931,7,35,128,0,35,35,163,162,710887297,628615564
932,7,36,128,0,36,36,164,163,226360406,271753865
933,7,37,128,0,37,37,165,164,935021338,329842670
934,7,38,128,0,38,38,166,165,549836287,523107378
935,7,39,128,0,39,39,167,166,79891480,676489154
936,7,40,128,0,40,40,168,167,852239105,475496322
937,7,41,128,0,41,41,169,168,415264070,157358875
938,7,42,128,0,42,42,170,169,553745600,363005169
939,7,43,128,0,43,43,171,170,1072421210,587341761
940,7,44,128,0,44,44,172,171,771736973,233515968
941,7,45,128,0,45,45,173,172,424516104,517100901
942,7,46,128,0,46,46,174,173,549106237,218120729
943,7,47,128,0,47,47,175,174,636875341,163890159
944,7,48,128,0,48,48,176,175,286011093,970683590
945,7,49,128,0,49,49,177,176,824046798,191432963
946,7,50,128,0,50,50,178,177,219089152,192393921
947,7,51,128,0,51,51,179,178,63660578,945750467
948,7,52,128,0,52,52,180,179,754442538,847534052
949,7,53,128,0,53,53,181,180,890049669,116773154
950,7,54,128,0,54,54,182,181,730605332,1064099878
951,7,55,128,0,55,55,183,182,191957633,204214608
952,7,56,128,0,56,56,184,183,455809104,1054360106
953,7,57,128,0,57,57,185,184,812345281,615554341
954,7,58,128,0,58,58,186,185,307487733,779231451
955,7,59,128,0,59,59,187,186,276291090,678714151
956,7,60,128,0,60,60,188,187,484581581,197364598
957,7,61,128,0,61,61,189,188,32149903,144986419
958,7,62,128,0,62,62,190,189,497226173,739000959
959,7,63,128,0,63,63,191,190,1073477738,327835062
960,7,64,128,0,64,64,192,191,8388480,1065304193
961,7,65,128,0,65,65,193,192,745857611,214935
962,7,66,128,0,66,66,194,193,334691714,576466500
963,7,67,128,0,67,67,195,194,928706254,1041542770
964,7,68,128,0,68,68,196,195,876328075,589111092
965,7,69,128,0,69,69,197,196,394978522,797401583
966,7,70,128,0,70,70,198,197,294461222,766204940
967,7,71,128,0,71,71,199,198,458138332,261347392
968,7,72,128,0,72,72,200,199,19332567,617883569
969,7,73,128,0,73,73,201,200,869478065,881735040
970,7,74,128,0,74,74,202,201,9592795,343087341
971,7,75,128,0,75,75,203,202,956919519,183643004
972,7,76,128,0,76,76,204,203,226158621,319250135
973,7,77,128,0,77,77,205,204,127942206,1010032095
974,7,78,128,0,78,78,206,205,881298752,854603521
975,7,79,128,0,79,79,207,206,882259710,249645875
976,7,80,128,0,80,80,208,207,103009083,787681580
977,7,81,128,0,81,81,209,208,909802514,436817332
978,7,82,128,0,82,82,210,209,855571944,524586436
979,7,83,128,0,83,83,211,210,556591772,649176569
980,7,84,128,0,84,84,212,211,840176705,301955700
981,7,85,128,0,85,85,213,212,486350912,1271463
982,7,86,128,0,86,86,214,213,710687504,519947073
983,7,87,128,0,87,87,215,214,916333798,658428603
984,7,88,128,0,88,88,216,215,598196351,221453568
985,7,89,128,0,89,89,217,216,397203519,993801193
986,7,90,128,0,90,90,218,217,550585295,523856386
987,7,91,128,0,91,91,219,218,743850003,138671335
988,7,92,128,0,92,92,220,219,801938808,847332267
989,7,93,128,0,93,93,221,220,445077109,362805376
990,7,94,128,0,94,94,222,221,400053837,852803739
991,7,95,128,0,95,95,223,222,924599163,615513786
992,7,96,128,0,96,96,224,223,412890215,265081781
993,7,97,128,0,97,97,225,224,853278097,435833117
994,7,98,128,0,98,98,226,225,495728589,1055746165
995,7,99,128,0,99,99,227,226,535920712,32568937
996,7,100,128,0,100,100,228,227,688478418,147663366
997,7,101,128,0,101,101,229,228,142785419,535562575
998,7,102,128,0,102,102,230,229,91665489,954463606
999,7,103,128,0,103,103,231,230,252751317,208651889
1000,7,104,128,0,104,104,232,231,215328367,660844657
1001,7,105,128,0,105,105,233,232,595958723,291196892
1002,7,106,128,0,106,106,234,233,563960963,610598625
1003,7,107,128,0,107,107,235,234,421067342,490530124
1004,7,108,128,0,108,108,236,235,108230973,885372560
1005,7,109,128,0,109,109,237,236,296951911,990582695
1006,7,110,128,0,110,110,238,237,424848281,858803513
1007,7,111,128,0,111,111,239,238,479718660,62013743
1008,7,112,128,0,112,112,240,239,918502623,22108881
1009,7,113,128,0,113,113,241,240,86367314,359355328
1010,7,114,128,0,114,114,242,241,253092282,666980372
1011,7,115,128,0,115,115,243,242,476420141,1061494886
1012,7,116,128,0,116,116,244,243,219019914,158694266
1013,7,117,128,0,117,117,245,244,264856195,958872767
1014,7,118,128,0,118,118,246,245,374496516,1071623615
1015,7,119,128,0,119,119,247,246,831872318,736231508
1016,7,120,128,0,120,120,248,247,322126179,310298240
1017,7,121,128,0,121,121,249,248,202901487,1019049038
1018,7,122,128,0,122,122,250,249,242621807,540037756
1019,7,123,128,0,123,123,251,250,15632130,939244761
1020,7,124,128,0,124,124,252,251,146642123,23642694
1021,7,125,128,0,125,125,253,252,840098646,36053573
1022,7,126,128,0,126,126,254,253,28269286,873519286
1023,7,127,128,0,127,127,255,254,825741840,445542410
